{
  "hash": "4bb714e5",
  "configHash": "d805dbf9",
  "lockfileHash": "56f54aa0",
  "browserHash": "6e73010c",
  "optimized": {
    "@angular/common": {
      "src": "../../../../../../node_modules/@angular/common/fesm2022/common.mjs",
      "file": "@angular_common.js",
      "fileHash": "3e55715e",
      "needsInterop": false
    },
    "@angular/common/http": {
      "src": "../../../../../../node_modules/@angular/common/fesm2022/http.mjs",
      "file": "@angular_common_http.js",
      "fileHash": "be06c949",
      "needsInterop": false
    },
    "@angular/core": {
      "src": "../../../../../../node_modules/@angular/core/fesm2022/core.mjs",
      "file": "@angular_core.js",
      "fileHash": "47aa1d54",
      "needsInterop": false
    },
    "@angular/forms": {
      "src": "../../../../../../node_modules/@angular/forms/fesm2022/forms.mjs",
      "file": "@angular_forms.js",
      "fileHash": "6ea34cd9",
      "needsInterop": false
    },
    "@angular/platform-browser": {
      "src": "../../../../../../node_modules/@angular/platform-browser/fesm2022/platform-browser.mjs",
      "file": "@angular_platform-browser.js",
      "fileHash": "5bb72cd9",
      "needsInterop": false
    },
    "@angular/router": {
      "src": "../../../../../../node_modules/@angular/router/fesm2022/router.mjs",
      "file": "@angular_router.js",
      "fileHash": "f4d375f2",
      "needsInterop": false
    }
  },
  "chunks": {
    "chunk-HAVN6EWS": {
      "file": "chunk-HAVN6EWS.js"
    },
    "chunk-GDPJ4OBD": {
      "file": "chunk-GDPJ4OBD.js"
    },
    "chunk-RMLN52P2": {
      "file": "chunk-RMLN52P2.js"
    },
    "chunk-ZTNQHJPU": {
      "file": "chunk-ZTNQHJPU.js"
    },
    "chunk-MHQIP2VU": {
      "file": "chunk-MHQIP2VU.js"
    }
  }
}